Thang,Gia_du_bao_ty,Bien_dong_%
2026-02,8.061845829925613,0.77
2026-03,7.994080489400413,-0.84
2026-04,7.898787357767391,-1.19
2026-05,8.02011984349557,1.54
2026-06,7.865024372115096,-1.93
2026-07,7.656192006686687,-2.66
2026-08,7.699129528707639,0.56
2026-09,7.701279223262565,0.03
2026-10,7.885128087713253,2.39
2026-11,7.836536747992155,-0.62
2026-12,7.872795615812131,0.46
2027-01,7.978351122945423,1.34
